window_id,n_test_samples,n_fraud,fraud_rate,auprc,roc_auc,accuracy,f1_score,precision,recall,optimal_threshold,P@10,P@50,P@100,P@200,P@300,P@500
2,151541,1639,0.010815554866339802,0.2075921495826722,0.9108977637608736,0.7932770669323813,0.08371113516043172,0.043963133640552994,0.8730933496034167,0.13445016741752625,1.0,0.9,0.75,0.65,0.57,0.456
3,151562,1786,0.01178395640068091,0.2933679730609792,0.9376268710583916,0.8399005027645452,0.11548135457295958,0.06176160954497602,0.8868980963045913,0.27758467197418213,1.0,0.94,0.92,0.875,0.76,0.596
4,151538,1873,0.012359936121632858,0.352894938538927,0.9479193031013614,0.8814290804946614,0.15285242809995286,0.08382892899622485,0.8654564869193807,0.3559662103652954,1.0,0.98,0.96,0.885,0.82,0.682
5,151493,1961,0.012944492484801277,0.4138948188387936,0.9614607911547192,0.8767995880997802,0.16207237137469696,0.08885935115443312,0.9204487506374299,0.3938828408718109,1.0,0.98,0.98,0.935,0.8866666666666667,0.768
6,157744,1930,0.01223501369307232,0.23868252123826764,0.9153733666505921,0.9113627142712243,0.15699987941637525,0.08883733624454149,0.6746113989637306,0.528343915939331,1.0,0.9,0.83,0.75,0.7066666666666667,0.568
7,157067,1422,0.009053461261754539,0.2724652388524604,0.927115086944356,0.7425939248855584,0.06081583348819922,0.03144669197136405,0.9205344585091421,0.307736337184906,0.9,0.88,0.87,0.77,0.68,0.538
